date,new_cases,new_deaths,new_tests
2020-03-01,122958,6029,128541
2020-03-02,147867,14428,179083
2020-03-03,132932,17517,151027
2020-03-04,366838,3105,134531
2020-03-05,260178,4627,108712
2020-03-06,120879,13972,165455
2020-03-07,111268,2852,174744
2020-03-08,208892,5910,105109
2020-03-09,55886,12003,149268
2020-03-10,138337,14843,154615
2020-03-11,476602,12704,182503
2020-03-12,431410,16761,129759
2020-03-13,88498,7190,185708
2020-03-14,375871,18640,160112
2020-03-15,389468,6645,126589
2020-03-16,176203,10588,130015
2020-03-17,192335,12829,129009
2020-03-18,279167,9053,183309
2020-03-19,42090,4330,162046
2020-03-20,330365,9662,126143
2020-03-21,65820,8114,106154
2020-03-22,263913,14323,121804
2020-03-23,322879,2353,141688
2020-03-24,195027,11975,164288
2020-03-25,328069,12023,151195
2020-03-26,253709,1667,120581
2020-03-27,200041,10337,152648
2020-03-28,268455,14659,130087
2020-03-29,104355,4719,149930
2020-03-30,236796,8483,132981
2020-03-31,215176,1539,169298
2020-04-01,185779,5964,146167
2020-04-02,348449,5835,175304
2020-04-03,422909,7042,143408
2020-04-04,466148,15837,139499
2020-04-05,259795,8312,152269
2020-04-06,487232,6320,138559
2020-04-07,393752,14216,174319
2020-04-08,157730,3779,195317
2020-04-09,347622,18308,196347
2020-04-10,385681,2581,148787
2020-04-11,150503,13677,135488
2020-04-12,131523,6713,174441
2020-04-13,3747,17639,174663
2020-04-14,124855,5804,122431
2020-04-15,453366,19222,161681
2020-04-16,66725,11136,163483
2020-04-17,130981,1009,149153
2020-04-18,85654,6124,106368
2020-04-19,429989,2015,127424
2020-04-20,382490,3193,145004
2020-04-21,68435,9415,183869
2020-04-22,320030,14550,188652
2020-04-23,329947,15512,156985
2020-04-24,32551,5158,150069
2020-04-25,379360,7970,152326
2020-04-26,274538,7938,181061
2020-04-27,332236,14772,123398
2020-04-28,4890,19017,198393
2020-04-29,42606,11344,150861
2020-04-30,490492,8266,175897
2020-05-01,257840,9702,181905
2020-05-02,474254,1384,168577
2020-05-03,350457,1404,165641
2020-05-04,142699,9175,109078
2020-05-05,271936,16158,125003
2020-05-06,240931,13763,162768
2020-05-07,240629,19384,151047
2020-05-08,206041,10860,171626
2020-05-09,175073,6989,157660
2020-05-10,208624,16106,149786
2020-05-11,418113,18844,101925
2020-05-12,69148,4636,183976
2020-05-13,253801,11916,126015
2020-05-14,125243,5809,133320
2020-05-15,252995,14456,164881
2020-05-16,383318,16444,190827
2020-05-17,155555,6997,126289
2020-05-18,387502,3048,103389
2020-05-19,49555,13338,125683
2020-05-20,257508,18100,113629
2020-05-21,280303,5544,161550
2020-05-22,373654,5976,124826
2020-05-23,107530,13775,126630
2020-05-24,81077,11015,198762
2020-05-25,299064,4419,146163
2020-05-26,486283,15430,198511
2020-05-27,461337,8239,166435
2020-05-28,201551,15489,111653
2020-05-29,483691,17633,127961
2020-05-30,282601,11357,181941
2020-05-31,460773,18154,174137
2020-06-01,209261,5363,133662
2020-06-02,241181,11176,198818
2020-06-03,342097,18461,156446
2020-06-04,316139,9427,121288
2020-06-05,172829,9580,195081
2020-06-06,272836,5858,136877
2020-06-07,439974,11040,115313
2020-06-08,466625,16254,180885
2020-06-09,203283,12470,172715
2020-06-10,197769,2252,110326
2020-06-11,38065,7996,101560
2020-06-12,224165,13173,179148
2020-06-13,100299,5673,183186
2020-06-14,426822,16781,126745
2020-06-15,12534,14051,131890
2020-06-16,488879,7881,120022
2020-06-17,41397,7949,152579
2020-06-18,258750,10521,170316
2020-06-19,354531,9017,183847
2020-06-20,264160,7941,128380
2020-06-21,484005,11209,102356
2020-06-22,56591,18715,170326
2020-06-23,221884,10550,192447
2020-06-24,24247,5637,189899
2020-06-25,25300,5854,120049
2020-06-26,468281,11320,175717
2020-06-27,83798,19564,116082
2020-06-28,10268,5892,100661
2020-06-29,349951,8043,137412
2020-06-30,275329,17521,102920
2020-07-01,195776,5164,191194
2020-07-02,218851,8941,160315
2020-07-03,433315,15388,179561
2020-07-04,402787,6569,108946
2020-07-05,237584,5300,194242
2020-07-06,39044,7269,145500
2020-07-07,314358,4818,116309
2020-07-08,455444,13015,155230
2020-07-09,377896,13234,198656
2020-07-10,49984,19290,130027
2020-07-11,303918,7254,172541
2020-07-12,265712,18144,159321
2020-07-13,121151,8350,100956
2020-07-14,456808,16183,174131
2020-07-15,461779,7238,147908
2020-07-16,134767,7090,178339
2020-07-17,125375,12637,125963
2020-07-18,180262,13647,139443
2020-07-19,137330,10911,199259
2020-07-20,481754,9472,139063
2020-07-21,302648,19271,180818
2020-07-22,165231,4266,104703
2020-07-23,14986,1666,165128
2020-07-24,62858,5188,172099
2020-07-25,130312,18055,125849
2020-07-26,13666,11161,131860
2020-07-27,301804,12314,131585
2020-07-28,135633,13891,122015
2020-07-29,289998,5777,177539
2020-07-30,327649,4900,143585
2020-07-31,105488,14716,126958
2020-08-01,184323,7981,126017
2020-08-02,285806,7376,176707
2020-08-03,271536,17907,145350
2020-08-04,31535,19777,112201
2020-08-05,472819,19977,129426
2020-08-06,376713,11160,117778
2020-08-07,315400,15124,145241
2020-08-08,352279,17282,142229
2020-08-09,390622,11488,186652
2020-08-10,298366,6240,148364
2020-08-11,78373,11453,198833
2020-08-12,473791,11478,184878
2020-08-13,124684,13394,157056
2020-08-14,490570,5432,127490
2020-08-15,478867,14568,119975
2020-08-16,457551,15178,126723
2020-08-17,274109,18660,123279
2020-08-18,25538,1302,178301
2020-08-19,371210,18022,111561
2020-08-20,202664,1055,166061
2020-08-21,492234,14013,188397
2020-08-22,376396,9717,149153
2020-08-23,140182,9150,133142
2020-08-24,473525,3125,126916
2020-08-25,159338,12479,164324
2020-08-26,185064,16745,144965
2020-08-27,215020,17748,104648
2020-08-28,99806,7809,135133
2020-08-29,401126,5621,150677
2020-08-30,374133,16034,196059
2020-08-31,91982,14623,194588
2020-09-01,122626,6126,199950
2020-09-02,120176,6122,198317
2020-09-03,394422,19030,170135
2020-09-04,219126,18302,135046
2020-09-05,219969,6870,147064
2020-09-06,123409,2531,169350
2020-09-07,24419,9172,145893
2020-09-08,444852,8673,161272
2020-09-09,254618,7882,192152
2020-09-10,246310,2906,167649
2020-09-11,51015,4086,164674
2020-09-12,249550,14503,113760
2020-09-13,123096,9152,121927
2020-09-14,108059,6750,186475
2020-09-15,186340,13772,161367
2020-09-16,111687,11267,197955
2020-09-17,351083,2062,112588
2020-09-18,412357,19360,152233
2020-09-19,212428,18680,144738
2020-09-20,106878,7229,133397
2020-09-21,203982,17509,182189
2020-09-22,450260,16147,176367
2020-09-23,199286,5632,171260
2020-09-24,250002,7288,176619
2020-09-25,251396,4596,119816
2020-09-26,165899,12475,142240
2020-09-27,450036,7168,106276
2020-09-28,325767,10795,179530
2020-09-29,475950,8561,123499
2020-09-30,338594,9258,188576
2020-10-01,356570,17616,182495
2020-10-02,380989,7371,171635
2020-10-03,416515,15369,185112
2020-10-04,44585,13910,135946
2020-10-05,372369,8943,155204
2020-10-06,65044,13199,151886
2020-10-07,436773,16728,171652
2020-10-08,443296,7738,115563
2020-10-09,110556,16913,192324
2020-10-10,3693,3472,192464
2020-10-11,489219,16679,109847
2020-10-12,358403,2761,126155
2020-10-13,244307,11167,179671
2020-10-14,201235,11554,183310
2020-10-15,26939,18260,167278
2020-10-16,443141,15277,118309
2020-10-17,437157,4812,100619
2020-10-18,153906,18844,183194
2020-10-19,19047,19117,150108
2020-10-20,289249,2605,134707
2020-10-21,76766,6622,120337
2020-10-22,409923,7767,181537
2020-10-23,416192,12613,166504
2020-10-24,45262,11589,147614
2020-10-25,388261,14918,191428
2020-10-26,286920,14046,191155
2020-10-27,162152,3590,100281
2020-10-28,129376,18447,127420
2020-10-29,461058,5324,180896
2020-10-30,455589,11787,139030
2020-10-31,138848,10111,101058
2020-11-01,93787,6342,186213
2020-11-02,128948,17389,176260
2020-11-03,56016,9659,128404
2020-11-04,403690,15043,129856
2020-11-05,452269,9837,109200
2020-11-06,22959,1117,164178
2020-11-07,137602,14917,133997
2020-11-08,226928,19935,125611
2020-11-09,382245,15309,141235
2020-11-10,266892,14234,135057
2020-11-11,229576,6560,101239
2020-11-12,492314,1846,165661
2020-11-13,14545,11954,145272
2020-11-14,390803,14703,189393
2020-11-15,460415,16385,161212
2020-11-16,166838,14746,115398
2020-11-17,336674,7469,156503
2020-11-18,356701,10333,106638
2020-11-19,62087,17608,106570
2020-11-20,490055,13819,168785
2020-11-21,69840,5208,109110
2020-11-22,119451,7283,179141
2020-11-23,448600,3048,112115
2020-11-24,314149,7233,139062
2020-11-25,440792,13941,122911
2020-11-26,40353,13607,132556
2020-11-27,194075,10765,178131
2020-11-28,215283,2828,101969
2020-11-29,315877,2917,143753
2020-11-30,66318,7988,182811
2020-12-01,242025,19410,104470
2020-12-02,483690,15594,110225
2020-12-03,417880,13977,123196
2020-12-04,68172,1009,113669
2020-12-05,217688,17644,137380
2020-12-06,257951,10865,148320
2020-12-07,94264,3219,147414
2020-12-08,247458,8041,115577
2020-12-09,289880,19444,188009
2020-12-10,226281,6287,155409
2020-12-11,497257,2619,128625
2020-12-12,113859,9512,181040
2020-12-13,375325,2342,124089
2020-12-14,395070,11568,136487
2020-12-15,353228,19378,165838
2020-12-16,432839,15231,196999
2020-12-17,270536,4490,194795
2020-12-18,318824,10310,150138
2020-12-19,258426,8984,142823
2020-12-20,178789,18988,137208
2020-12-21,219164,13219,154061
2020-12-22,314003,1235,130659
2020-12-23,126657,11161,131890
2020-12-24,236167,2908,179134
2020-12-25,158381,9567,147055
2020-12-26,481671,4530,119508
2020-12-27,195806,6256,142287
2020-12-28,71467,9162,178916
2020-12-29,184734,19944,126984
2020-12-30,99506,6415,108125
2020-12-31,110751,4391,136059
2021-01-01,382050,12157,169569
2021-01-02,406904,6951,117087
2021-01-03,288486,9007,105704
2021-01-04,169229,10064,160576
2021-01-05,462079,16524,173384
2021-01-06,369452,1077,187128
2021-01-07,446299,8577,172460
2021-01-08,107081,17984,127208
2021-01-09,459949,15060,185150
2021-01-10,90045,18449,166024
2021-01-11,35698,19520,139882
2021-01-12,111078,11535,125923
2021-01-13,343767,10510,129165
2021-01-14,23671,7943,167203
2021-01-15,419400,12954,191749
2021-01-16,356528,8804,104114
2021-01-17,436323,7565,164965
2021-01-18,87202,6984,136321
2021-01-19,52663,5670,173297
2021-01-20,16708,19574,196652
2021-01-21,355050,10184,199304
2021-01-22,312955,3192,125426
2021-01-23,134883,2248,117772
2021-01-24,319394,12246,103712
2021-01-25,113547,13790,101367
2021-01-26,466298,19381,191736
2021-01-27,387393,4687,151924
2021-01-28,35754,5018,103726
2021-01-29,227814,12302,189152
2021-01-30,238714,2970,127723
2021-01-31,143483,9389,109108
2021-02-01,134983,18586,177714
2021-02-02,461486,16374,135643
2021-02-03,215835,6788,131324
2021-02-04,402896,6408,183360
2021-02-05,85896,10446,108927
2021-02-06,478095,1922,193680
2021-02-07,72295,1419,196546
2021-02-08,220686,19588,122443
2021-02-09,363833,11789,179973
2021-02-10,274255,2120,163449
2021-02-11,300648,12260,176743
2021-02-12,133874,18334,160233
2021-02-13,9155,3336,125537
2021-02-14,467872,6373,177576
2021-02-15,302528,3243,122612
2021-02-16,375705,5612,193977
2021-02-17,48254,14946,106471
2021-02-18,285062,19249,135631
2021-02-19,86981,12104,192059
2021-02-20,454929,14429,131348
2021-02-21,31306,7371,164732
2021-02-22,148718,7359,101177
2021-02-23,309987,8863,104760
2021-02-24,121975,4228,132779
2021-02-25,359745,15382,121636
2021-02-26,484951,19755,181889
2021-02-27,108512,3891,153551
2021-02-28,148443,4756,111556
2021-03-01,471587,16770,127598
2021-03-02,374616,17478,111563
2021-03-03,134121,3674,146819
2021-03-04,163688,7898,173770
2021-03-05,366871,11147,191055
2021-03-06,376037,1793,126966
2021-03-07,284076,3116,181709
2021-03-08,118796,6779,159889
2021-03-09,292999,13298,126987
2021-03-10,193506,15153,178714
2021-03-11,466910,12111,158348
2021-03-12,175088,11789,124596
2021-03-13,270544,12397,133174
2021-03-14,381002,13999,164106
2021-03-15,174714,1814,169967
2021-03-16,16151,17729,159182
2021-03-17,445623,11541,193300
2021-03-18,67690,3443,187163
2021-03-19,5499,11457,139310
2021-03-20,7295,11380,156088
2021-03-21,384029,8783,108906
2021-03-22,389215,12473,136914
2021-03-23,322184,18368,145379
2021-03-24,275327,16328,178612
2021-03-25,423515,1827,137650
2021-03-26,144946,8147,146881
2021-03-27,379480,5451,146413
2021-03-28,33711,16343,106012
2021-03-29,268683,14635,150115
2021-03-30,185423,6959,107151
2021-03-31,455483,1126,157716
2021-04-01,180426,9795,193747
2021-04-02,389207,12641,192653
2021-04-03,134629,8196,136378
2021-04-04,301504,12559,142652
2021-04-05,214090,4368,172430
2021-04-06,134272,4797,113467
2021-04-07,244548,16114,131010
2021-04-08,462713,14718,154691
2021-04-09,179047,2792,164157
2021-04-10,284501,12053,112289
2021-04-11,120121,4476,144976
2021-04-12,78505,4417,143596
2021-04-13,3869,2645,123171
2021-04-14,258186,15755,186365
2021-04-15,455351,4072,199590
2021-04-16,313252,2854,144139
2021-04-17,113296,5662,148713
2021-04-18,95179,7514,129734
2021-04-19,91272,3708,172588
2021-04-20,39467,12694,163646
2021-04-21,286472,10524,103654
2021-04-22,354556,7456,189022
2021-04-23,481047,5212,118743
2021-04-24,136059,14224,148368
2021-04-25,59871,8970,190025
2021-04-26,416615,17920,174172
2021-04-27,129391,2625,106441
2021-04-28,440430,11314,124611
2021-04-29,493738,8973,112149
2021-04-30,87416,9577,159189
2021-05-01,333415,9070,121675
2021-05-02,307208,9666,171031
2021-05-03,257687,4600,142668
2021-05-04,202163,7783,113673
2021-05-05,108450,14226,176666
2021-05-06,172890,10146,188204
2021-05-07,439741,5971,180758
2021-05-08,282974,14490,165429
2021-05-09,411645,18589,123669
2021-05-10,401109,13951,134068
2021-05-11,117381,13312,188789
2021-05-12,474125,2990,109435
2021-05-13,48333,6299,194088
2021-05-14,135508,13997,152249
2021-05-15,206362,14472,137384
2021-05-16,339357,5380,181929
2021-05-17,400111,5757,176153
2021-05-18,151810,11395,175388
2021-05-19,293890,17241,131401
2021-05-20,50377,6588,171831
2021-05-21,442620,18350,134084
2021-05-22,317189,5944,155826
2021-05-23,361032,14395,136451
2021-05-24,434006,18072,107227
2021-05-25,370599,5243,131910
2021-05-26,137672,10916,136041
2021-05-27,226732,10984,188920
2021-05-28,356323,2759,165681
2021-05-29,172836,10181,181571
2021-05-30,206615,3482,165481
2021-05-31,46714,1951,168576
2021-06-01,451051,3079,164174
2021-06-02,103946,3717,126160
2021-06-03,372760,10692,117633
2021-06-04,106983,8311,194880
2021-06-05,467960,19449,117014
2021-06-06,188563,1768,180532
2021-06-07,125123,6490,149104
2021-06-08,412805,16534,141621
2021-06-09,306628,7645,177231
2021-06-10,83989,6232,168388
2021-06-11,299356,12485,116014
2021-06-12,306669,6797,192578
2021-06-13,179274,13342,133755
2021-06-14,164707,9038,140390
2021-06-15,326352,17002,123711
2021-06-16,296972,14087,191658
2021-06-17,412927,5873,157993
2021-06-18,266564,2481,174696
2021-06-19,359896,11093,127213
2021-06-20,132373,15422,157784
2021-06-21,439452,17438,107421
2021-06-22,116294,8643,186936
2021-06-23,460451,16708,199073
2021-06-24,448456,12271,117727
2021-06-25,125019,18216,104358
2021-06-26,66726,13600,165108
2021-06-27,142564,11998,194018
2021-06-28,378812,15295,132117
2021-06-29,495495,11682,188700
2021-06-30,269246,17380,131910
2021-07-01,182408,9519,198032
2021-07-02,119015,4300,155754
2021-07-03,217386,7722,162438
2021-07-04,255079,8218,129371
2021-07-05,27641,4054,151501
2021-07-06,166656,14575,160946
2021-07-07,164817,8970,138467
2021-07-08,417309,3143,117625
2021-07-09,460321,10503,133893
2021-07-10,366890,16149,176329
2021-07-11,494415,19922,131007
2021-07-12,446101,13175,191302
2021-07-13,37631,9356,139532
2021-07-14,243289,16070,154253
2021-07-15,73991,1822,112323
2021-07-16,5014,18327,173379
2021-07-17,274237,15289,114210
2021-07-18,19070,7150,116456
2021-07-19,298921,5425,131367
2021-07-20,57958,17032,154624
2021-07-21,83074,3198,110106
2021-07-22,11729,4452,168008
2021-07-23,231785,10106,172240
2021-07-24,177089,14859,164315
2021-07-25,198392,18692,169249
2021-07-26,159823,9705,170587
2021-07-27,106864,11112,110756
2021-07-28,394002,5841,168011
2021-07-29,210141,16358,136378
2021-07-30,499863,2409,104255
2021-07-31,368654,5566,114484
2021-08-01,55748,12382,156549
2021-08-02,6801,18939,134503
2021-08-03,151262,15596,173794
2021-08-04,443905,1804,145113
2021-08-05,236362,14221,174069
2021-08-06,445209,2279,198117
2021-08-07,30592,14192,105249
2021-08-08,273791,8083,119201
2021-08-09,140788,12093,158576
2021-08-10,220963,18771,109686
2021-08-11,481761,13880,153363
2021-08-12,249710,16517,197543
2021-08-13,221984,3106,100661
2021-08-14,373771,17086,144843
2021-08-15,333460,5831,195673
2021-08-16,259067,4186,160963
2021-08-17,265512,3573,142828
2021-08-18,78575,13808,148604
2021-08-19,269799,3599,110526
2021-08-20,238549,5033,168910
2021-08-21,71031,9428,125592
2021-08-22,470645,2304,128982
2021-08-23,485299,18685,100207
2021-08-24,88922,19925,188733
2021-08-25,449982,19435,198936
2021-08-26,125046,9633,168619
2021-08-27,407619,12372,129328
2021-08-28,33097,9996,146479
2021-08-29,472873,17458,120103
2021-08-30,143038,6475,139891
2021-08-31,125862,8184,110754
2021-09-01,231229,13875,199983
2021-09-02,119834,2622,181437
2021-09-03,94848,16988,198540
2021-09-04,53921,9041,172982
2021-09-05,181798,17725,155922
2021-09-06,127141,19458,148231
2021-09-07,182372,8992,129301
2021-09-08,285821,16646,191652
2021-09-09,56609,18029,162711
2021-09-10,228897,5263,141323
2021-09-11,450877,15060,118752
2021-09-12,32024,16156,197912
2021-09-13,71313,9646,182205
2021-09-14,390957,12664,198452
2021-09-15,185078,3969,113395
2021-09-16,358429,4028,185957
2021-09-17,409554,4629,156273
2021-09-18,462243,4067,191878
2021-09-19,486988,6941,104895
2021-09-20,114632,18770,176559
2021-09-21,474351,12555,110699
2021-09-22,413724,14081,165061
2021-09-23,252451,7819,109715
2021-09-24,4051,12046,119169
2021-09-25,180819,18717,116163
2021-09-26,377836,3711,105782
2021-09-27,481358,5853,188177
2021-09-28,88235,8715,184328
2021-09-29,448237,9942,135585
2021-09-30,198484,16507,130682
2021-10-01,190407,16826,147864
2021-10-02,450395,2762,184416
2021-10-03,426309,16850,155114
2021-10-04,463894,13112,138067
2021-10-05,212810,13652,142685
2021-10-06,433950,7122,118073
2021-10-07,204687,1481,136035
2021-10-08,74523,15536,164977
2021-10-09,237175,1153,190373
2021-10-10,95476,8617,183362
2021-10-11,234841,2524,190517
2021-10-12,280163,3120,165450
2021-10-13,346757,16048,110382
2021-10-14,223866,3343,104437
2021-10-15,87672,6136,170971
2021-10-16,74847,2240,164612
2021-10-17,345894,1060,190355
2021-10-18,211706,10130,161929
2021-10-19,29251,19023,197518
2021-10-20,104481,13312,198864
2021-10-21,375710,14350,112329
2021-10-22,26945,13418,125169
2021-10-23,353996,2252,187468
2021-10-24,33217,9363,134594
2021-10-25,9308,10650,176957
2021-10-26,269093,19706,160631
2021-10-27,184062,17314,145033
2021-10-28,395366,5090,163133
2021-10-29,221552,7960,173165
2021-10-30,101235,4004,173861
2021-10-31,75740,17713,152290
2021-11-01,379496,4640,194031
2021-11-02,329761,2341,131750
2021-11-03,226913,12855,195155
2021-11-04,280040,1338,140461
2021-11-05,393942,6895,173800
2021-11-06,178247,13254,178222
2021-11-07,139877,12344,124226
2021-11-08,6237,2750,106721
2021-11-09,21056,3421,156154
2021-11-10,177615,8119,120609
2021-11-11,188628,6319,152130
2021-11-12,115548,16896,172909
2021-11-13,374632,12918,155249
2021-11-14,135415,14849,148895
2021-11-15,407716,5873,194473
2021-11-16,447438,5806,105656
2021-11-17,30375,9592,174520
2021-11-18,141734,13182,163740
2021-11-19,17964,17774,164309
2021-11-20,114429,13045,129984
2021-11-21,253764,5430,173822
2021-11-22,191710,9820,105901
2021-11-23,467882,5232,131552
2021-11-24,217139,12122,191245
2021-11-25,68215,16023,131055
2021-11-26,332186,9007,137685
2021-11-27,145356,18905,173965
2021-11-28,204861,10018,114716
2021-11-29,478880,2500,111138
2021-11-30,356612,7737,135298
2021-12-01,455605,4294,151112
2021-12-02,10435,19803,123429
2021-12-03,448556,5497,150200
2021-12-04,176150,18850,171308
2021-12-05,341976,1614,148244
2021-12-06,52293,10374,117347
2021-12-07,490197,3667,116920
2021-12-08,79781,14409,131822
2021-12-09,192475,17514,146659
2021-12-10,161196,3983,140108
2021-12-11,227507,13651,189099
2021-12-12,307063,9230,107967
2021-12-13,240833,7640,111871
2021-12-14,253377,12779,194299
2021-12-15,167319,16317,177452
2021-12-16,122172,18304,174270
2021-12-17,357902,8564,133613
2021-12-18,485963,16520,128179
2021-12-19,456968,14737,152188
2021-12-20,319717,10323,155099
2021-12-21,60101,16229,135262
2021-12-22,496972,12713,178213
2021-12-23,289790,9502,118268
2021-12-24,367329,1545,177866
2021-12-25,24049,5346,186269
2021-12-26,211677,10996,160545
2021-12-27,361260,16775,192822
2021-12-28,360523,14919,172146
2021-12-29,69385,4810,171966
2021-12-30,127131,8206,139922
2021-12-31,434374,10005,179364
2022-01-01,197489,17371,142913
2022-01-02,24289,13316,197033
2022-01-03,373370,19416,155677
2022-01-04,363937,9436,149841
2022-01-05,272967,13984,146332
2022-01-06,192232,1271,192062
2022-01-07,305119,19155,195694
2022-01-08,10540,11616,125032
2022-01-09,17364,5361,137846
2022-01-10,398827,8069,159474
2022-01-11,28663,18304,144936
2022-01-12,52991,4430,129794
2022-01-13,189751,13676,161588
2022-01-14,367326,11816,170984
2022-01-15,163049,3050,150331
2022-01-16,95704,12692,194397
2022-01-17,50115,2165,128141
2022-01-18,354151,3033,109074
2022-01-19,220295,1145,106406
2022-01-20,192962,15269,197359
2022-01-21,198459,8832,123291
2022-01-22,150143,15286,141568
2022-01-23,191347,3632,197539
2022-01-24,466585,5494,146851
2022-01-25,12938,16152,199942
2022-01-26,429411,10155,154823
2022-01-27,354824,11426,123312
2022-01-28,5000,11233,143108
2022-01-29,202660,2828,166918
2022-01-30,364186,13260,134171
2022-01-31,356754,10130,141779
2022-02-01,252492,5805,168828
2022-02-02,366835,1806,198723
2022-02-03,492072,9202,112411
2022-02-04,39304,2868,157009
2022-02-05,332593,15561,115422
2022-02-06,83986,16512,142468
2022-02-07,483859,15899,132371
2022-02-08,152836,17220,157022
2022-02-09,109940,16934,171229
2022-02-10,480243,6429,199071
2022-02-11,301638,10076,151196
2022-02-12,266517,4564,180354
2022-02-13,144233,2389,196774
2022-02-14,98532,12593,196410
2022-02-15,355802,8274,126715
2022-02-16,386777,18208,127605
2022-02-17,101386,19649,199853
2022-02-18,28350,18320,131174
2022-02-19,94008,11745,109956
2022-02-20,357441,15199,176373
2022-02-21,26351,16876,169252
2022-02-22,89668,19180,161949
2022-02-23,115585,9245,162646
2022-02-24,409521,8214,170017
2022-02-25,338497,1726,163037
2022-02-26,208869,14832,189818
2022-02-27,66953,12362,106548
2022-02-28,320602,19297,173294
2022-03-01,283502,11106,123177
2022-03-02,4267,8657,124022
2022-03-03,83745,19850,105542
2022-03-04,352732,15551,191012
2022-03-05,301657,8906,196320
2022-03-06,158164,8287,160428
2022-03-07,12338,1892,122740
2022-03-08,132484,11222,159353
2022-03-09,8543,5675,190353
2022-03-10,369035,2933,156532
2022-03-11,427712,18764,116052
2022-03-12,61692,12873,147076
2022-03-13,221156,18674,153420
2022-03-14,224992,19024,100671
2022-03-15,307569,14239,100163
2022-03-16,39756,11874,141424
2022-03-17,19888,18602,153744
2022-03-18,167807,6016,170331
2022-03-19,310439,14774,110634
2022-03-20,115352,10752,104798
2022-03-21,346186,18338,122420
2022-03-22,86999,16585,129300
2022-03-23,18955,8291,189881
2022-03-24,300985,1974,110749
2022-03-25,71640,5133,125121
2022-03-26,197582,15663,137487
2022-03-27,429127,4972,193947
2022-03-28,453247,6295,133361
2022-03-29,220798,14913,121223
2022-03-30,401573,10105,172930
2022-03-31,426695,9228,114056
2022-04-01,62476,10903,128380
2022-04-02,307955,4020,126035
2022-04-03,168280,9987,130620
2022-04-04,152222,13880,119877
2022-04-05,72180,6233,155316
2022-04-06,175358,10516,164041
2022-04-07,113856,15559,153352
2022-04-08,331594,17701,130911
2022-04-09,415568,3396,132784
2022-04-10,187141,19546,103191
2022-04-11,375032,2591,133160
2022-04-12,111448,12303,190536
2022-04-13,15397,7183,164641
2022-04-14,435771,2312,149723
2022-04-15,179031,8314,103631
2022-04-16,394944,19767,106172
2022-04-17,444733,3139,142080
2022-04-18,120180,15688,189097
2022-04-19,67234,19088,190353
2022-04-20,40954,7924,120281
2022-04-21,179352,1362,128671
2022-04-22,80459,19988,151431
2022-04-23,410995,14481,190900
2022-04-24,196004,4738,192961
2022-04-25,467152,3469,128602
2022-04-26,418682,17106,188789
2022-04-27,431155,17940,151399
2022-04-28,201968,10017,123472
2022-04-29,429486,3808,149230
2022-04-30,60163,17370,173616
2022-05-01,476853,15870,107099
2022-05-02,52934,13713,125431
2022-05-03,196967,8561,156492
2022-05-04,426523,3719,196722
2022-05-05,317242,12700,147684
2022-05-06,455137,4741,130111
2022-05-07,6486,10766,163936
2022-05-08,140407,4998,122614
2022-05-09,350044,19787,192260
2022-05-10,127020,17077,141991
2022-05-11,103795,1294,170476
2022-05-12,221184,11177,160920
2022-05-13,491419,10882,194294
2022-05-14,143202,2136,163530
2022-05-15,350652,3064,136224
2022-05-16,238027,8009,107788
2022-05-17,119324,13987,128082
2022-05-18,323710,5543,189570
2022-05-19,198775,2007,176816
2022-05-20,290336,6445,183588
2022-05-21,264206,11706,116531
2022-05-22,85076,15749,188340
2022-05-23,90780,12718,194439
2022-05-24,153617,10439,144857
2022-05-25,22689,14281,110142
2022-05-26,274318,2435,148355
2022-05-27,351605,1571,109866
2022-05-28,389318,3382,170067
2022-05-29,366177,6084,164027
2022-05-30,10348,17661,157906
2022-05-31,417930,14507,128138
2022-06-01,39102,8059,192601
2022-06-02,75460,19271,129956
2022-06-03,365778,13771,176295
2022-06-04,90930,18649,105439
2022-06-05,7801,8491,147241
2022-06-06,104150,15527,142533
2022-06-07,204339,18424,128270
2022-06-08,180208,15859,178815
2022-06-09,155697,9073,139279
2022-06-10,214945,10077,123888
2022-06-11,232915,12383,117630
2022-06-12,204664,17378,161063
2022-06-13,209124,3353,135144
2022-06-14,438477,5799,152161
2022-06-15,2542,18070,196718
2022-06-16,284821,12939,191074
2022-06-17,178804,3428,177360
2022-06-18,182415,12296,150979
2022-06-19,40081,8813,197661
2022-06-20,194928,15414,106979
2022-06-21,356249,12801,126189
2022-06-22,220930,12745,142600
2022-06-23,282209,14025,159560
2022-06-24,215532,4356,178040
2022-06-25,89092,15288,161558
2022-06-26,317837,7540,186205
2022-06-27,290106,17422,106910
2022-06-28,29295,4342,157713
2022-06-29,14807,10078,146857
2022-06-30,436564,3844,134964
2022-07-01,158504,11396,185667
2022-07-02,477501,18482,125227
2022-07-03,239067,19207,105978
2022-07-04,486008,14998,187527
2022-07-05,452070,14261,117153
2022-07-06,434478,4093,159765
2022-07-07,169152,12722,199084
2022-07-08,395540,12645,139071
2022-07-09,354411,16083,169519
2022-07-10,167981,1988,109503
2022-07-11,221411,7446,160703
2022-07-12,20870,17335,164379
2022-07-13,428794,17133,195457
2022-07-14,204196,2682,157866
2022-07-15,249683,6626,116905
2022-07-16,235677,8424,145838
2022-07-17,27790,13857,158279
2022-07-18,119874,13155,189489
2022-07-19,288433,18317,126806
2022-07-20,449345,12425,145000
2022-07-21,225786,2980,122168
2022-07-22,488462,16522,170119
2022-07-23,16485,9984,138714
2022-07-24,307626,18175,154093
2022-07-25,87188,16883,155419
2022-07-26,5748,6390,149145
2022-07-27,218841,19639,177425
2022-07-28,141507,2607,192949
2022-07-29,266853,7573,177811
2022-07-30,124961,18368,102461
2022-07-31,31355,6776,114291
2022-08-01,187843,4676,146804
2022-08-02,452015,4380,176971
2022-08-03,407332,9711,193471
2022-08-04,157542,9782,164946
2022-08-05,174416,18434,198989
2022-08-06,306062,14997,184080
2022-08-07,315368,7342,161332
2022-08-08,40298,18343,177794
2022-08-09,343363,7059,130841
2022-08-10,62629,9884,148758
2022-08-11,329184,6655,176272
2022-08-12,493734,13091,137643
2022-08-13,231907,16251,150408
2022-08-14,291160,1526,143950
2022-08-15,24960,4224,156849
2022-08-16,296735,16069,128044
2022-08-17,214920,12536,115997
